{
 "D0": {
  "Isolated": {
   "coll_total": 56.2,
   "rew_last100": 8.873366666666666,
   "succ_last100": 0.9933333333333334,
   "mid": 99.33333333333333,
   "top": 0.0,
   "received": 0.0,
   "pm_own_end": 3.8,
   "pm_hear_end": 0.0,
   "coll_at_top": 0.0,
   "coll_at_mid": 65.46666666666667,
   "pol_dist": 0.40604641856742696
  },
  "FullCopy": {
   "coll_total": 51.13333333333333,
   "rew_last100": 8.957833333333333,
   "succ_last100": 0.996,
   "mid": 99.73333333333333,
   "top": 0.0,
   "received": 13.466666666666667,
   "pm_own_end": 4.066666666666666,
   "pm_hear_end": 0.0,
   "coll_at_top": 0.0,
   "coll_at_mid": 62.0,
   "pol_dist": 0.351210464327575
  },
  "ResoNaive": {
   "coll_total": 56.2,
   "rew_last100": 8.873366666666666,
   "succ_last100": 0.9933333333333334,
   "mid": 99.33333333333333,
   "top": 0.0,
   "received": 0.0,
   "pm_own_end": 3.8,
   "pm_hear_end": 0.0,
   "coll_at_top": 0.0,
   "coll_at_mid": 65.46666666666667,
   "pol_dist": 0.40604641856742696
  },
  "ResoExp": {
   "coll_total": 53.266666666666666,
   "rew_last100": 9.033833333333332,
   "succ_last100": 0.996,
   "mid": 99.66666666666667,
   "top": 0.0,
   "received": 13.466666666666667,
   "pm_own_end": 3.533333333333333,
   "pm_hear_end": 0.0,
   "coll_at_top": 0.0,
   "coll_at_mid": 61.8,
   "pol_dist": 0.396641189809257
  }
 },
 "Dsmall": {
  "Isolated": {
   "coll_total": 47.0,
   "rew_last100": 8.942366666666665,
   "succ_last100": 1.0,
   "mid": 99.93333333333334,
   "top": 0.06666666666666667,
   "received": 0.0,
   "pm_own_end": 3.2666666666666666,
   "pm_hear_end": 0.0,
   "coll_at_top": 6.666666666666667,
   "coll_at_mid": 46.86666666666667,
   "pol_dist": 0.45911030595813196
  },
  "FullCopy": {
   "coll_total": 45.93333333333333,
   "rew_last100": 8.936466666666664,
   "succ_last100": 1.0,
   "mid": 99.93333333333334,
   "top": 0.06666666666666667,
   "received": 13.466666666666667,
   "pm_own_end": 3.2,
   "pm_hear_end": 0.0,
   "coll_at_top": 6.933333333333334,
   "coll_at_mid": 45.53333333333333,
   "pol_dist": 0.4665879501147771
  },
  "ResoNaive": {
   "coll_total": 47.0,
   "rew_last100": 8.942366666666665,
   "succ_last100": 1.0,
   "mid": 99.93333333333334,
   "top": 0.06666666666666667,
   "received": 0.0,
   "pm_own_end": 3.2666666666666666,
   "pm_hear_end": 0.0,
   "coll_at_top": 6.666666666666667,
   "coll_at_mid": 46.86666666666667,
   "pol_dist": 0.45911030595813196
  },
  "ResoExp": {
   "coll_total": 45.53333333333333,
   "rew_last100": 8.910299999999998,
   "succ_last100": 1.0,
   "mid": 99.93333333333334,
   "top": 0.06666666666666667,
   "received": 13.466666666666667,
   "pm_own_end": 3.4,
   "pm_hear_end": 0.0,
   "coll_at_top": 6.733333333333333,
   "coll_at_mid": 45.13333333333333,
   "pol_dist": 0.46383312776235996
  }
 },
 "Dbig": {
  "Isolated": {
   "coll_total": 8.466666666666667,
   "rew_last100": 9.557099999999998,
   "succ_last100": 1.0,
   "mid": 99.93333333333334,
   "top": 0.06666666666666667,
   "received": 0.0,
   "pm_own_end": 0.3333333333333333,
   "pm_hear_end": 0.0,
   "coll_at_top": 13.066666666666666,
   "coll_at_mid": 0.0,
   "pol_dist": 0.48487462402096543
  },
  "FullCopy": {
   "coll_total": 10.066666666666666,
   "rew_last100": 9.562033333333336,
   "succ_last100": 1.0,
   "mid": 100.0,
   "top": 0.0,
   "received": 13.466666666666667,
   "pm_own_end": 0.13333333333333333,
   "pm_hear_end": 0.0,
   "coll_at_top": 15.133333333333333,
   "coll_at_mid": 0.0,
   "pol_dist": 0.515276880443761
  },
  "ResoNaive": {
   "coll_total": 8.466666666666667,
   "rew_last100": 9.557099999999998,
   "succ_last100": 1.0,
   "mid": 99.93333333333334,
   "top": 0.06666666666666667,
   "received": 0.0,
   "pm_own_end": 0.3333333333333333,
   "pm_hear_end": 0.0,
   "coll_at_top": 13.066666666666666,
   "coll_at_mid": 0.0,
   "pol_dist": 0.48487462402096543
  },
  "ResoExp": {
   "coll_total": 8.266666666666667,
   "rew_last100": 9.556533333333334,
   "succ_last100": 1.0,
   "mid": 99.93333333333334,
   "top": 0.06666666666666667,
   "received": 13.466666666666667,
   "pm_own_end": 0.3333333333333333,
   "pm_hear_end": 0.0,
   "coll_at_top": 12.866666666666667,
   "coll_at_mid": 0.0,
   "pol_dist": 0.47024836951666216
  }
 }
}