{
 "PermBan": {
  "rew_pre": [-2.0722815257033074, -1.435181525703308, -0.23036423400439207, -2.9036815257033077, -2.7771815257033077, -2.819177354237034, 0.5645616970743631, -2.3678815257033077, -2.852970064756312, -2.8039815257033074, -2.681581525703307, 1.3385184742966916, -0.5070815257033079, 0.6891820702998641, -2.5123815257033075, -2.5201642340043917, -2.9985815257033073, -0.521863051406618, -0.8293815257033079, 6.548055033803649],
  "rew_post": [9.2593, 9.234599999999999, 9.2182, -2.8909999999999973, 4.8374, 1.2031000000000014, 9.2725, 9.1827, 2.4547000000000017, -2.7990999999999975, 5.129000000000001, 9.2525, 9.251299999999999, 9.207399999999998, 9.028199999999998, 8.5497, -2.8927999999999976, 9.204499999999998, 9.26, 9.252099999999999],
  "rew_post_first50": [9.271999999999998, 9.256, 9.262999999999998, -2.5689999999999973, -2.5809999999999973, -2.7939999999999974, 9.264999999999997, 8.616999999999999, -2.7639999999999976, -2.9999999999999973, -2.5329999999999973, 9.248, 9.287, 9.216999999999999, 7.545, 1.9660000000000013, -2.9999999999999973, 9.3, 9.268999999999998, 9.045],
  "rew_last100": [9.1895, 9.062499999999998, 9.2755, -2.9999999999999973, 9.258999999999997, 9.2765, 9.281500000000001, 9.267999999999999, 9.290499999999998, -2.3139999999999974, 9.286, 9.2765, 9.251, 9.167, 9.265500000000001, 9.286999999999999, -2.7809999999999975, 9.142999999999999, 9.283, 9.322],
  "poisoned_hits_pre": [1,1,1,1,1,1,1,1,1,1,1,1,1,1,1,1,1,1,1,1],
  "safe_last100": [0.0,0.0,0.0,0.0,0.0,0.0,0.0,0.0,0.0,0.0,0.0,0.0,0.0,0.0,0.0,0.0,0.0,0.0,0.0,0.0]
 },
 "NoMemory": {
  "rew_pre": [3.9656560808014825, 5.486913546833702, 5.486017636755716, 4.908376745359363, 4.630894954792738, 5.708943995963884, 5.939355153729988, 6.0514986870045995, 4.032570988802812, 5.292508149386598, 5.39881329862362, 3.9677821523538777, 4.8874235798337775, 5.282734878067538, 4.638752783257377, 5.0538231891554455, 2.835853020934818, 5.497370823344658, 3.304255831697569, 6.331816473335275],
  "rew_post": [9.1355, 9.131399999999998, 9.015699999999999, 9.1238, 9.125899999999998, 9.670099999999998, 9.617099999999999, 9.6134, 9.5785, 9.616599999999998, 9.6832, 9.577, 9.590399999999997, 9.674, 9.0352, 9.6147, 8.904599999999999, 9.158199999999999, 8.983999999999998, 9.5817],
  "rew_post_first50": [9.132, 9.174, 9.035, 9.138, 9.114999999999998, 9.418, 9.318999999999999, 9.32, 9.299999999999999, 9.283, 9.585999999999999, 9.237, 9.17, 9.315999999999999, 9.042, 9.337, 8.959, 9.152999999999999, 8.915, 9.292],
  "rew_last100": [9.125499999999999, 9.139499999999998, 9.019499999999999, 9.132499999999999, 9.146999999999998, 9.732499999999998, 9.711499999999996, 9.714499999999997, 9.683999999999997, 9.725499999999998, 9.682499999999997, 9.647499999999997, 9.706, 9.7315, 9.032999999999998, 9.722499999999998, 8.908999999999999, 9.1645, 9.016499999999999, 9.684999999999999],
  "poisoned_hits_pre": [18,11,10,11,11,29,26,21,28,22,35,18,24,21,9,20,13,9,15,17],
  "safe_last100": [0.01,0.0,0.0,0.0,0.0,0.95,0.93,0.95,0.89,0.94,0.88,0.84,0.95,0.98,0.0,0.95,0.0,0.01,0.0,0.91]
 },
 "FCA_fixed": {
  "rew_pre": [4.758367586612789, 3.8949806379247582, 4.484108195877645, 3.2581826309466004, 5.501011194068769, 5.059084741585504, 4.279159964287678, 5.476252551713327, 5.473133633891579, 5.3546645003399345, 4.973670899830904, 6.089551840316577, 5.390204201064748, 6.527532352202164, 6.17452648602555, 4.8732223997507385, 4.352356146556937, 5.7154895383151585, 6.300347480576326, 6.019795658675743],
  "rew_post": [9.542699999999998, 9.1261, 9.588399999999998, 9.4683, 9.5558, 9.624699999999999, 8.897099999999998, 9.423, 9.5555, 9.521, 9.5522, 9.1324, 9.602399999999998, 9.5521, 9.590899999999998, 9.508199999999999, 9.545699999999998, 9.369999999999997, 9.1235, 9.588299999999998],
  "rew_post_first50": [9.270999999999999, 9.13, 9.292, 9.16, 9.286999999999999, 9.287, 8.674999999999999, 8.938999999999998, 9.25, 9.283999999999999, 9.196, 9.152000000000001, 9.317, 9.293, 9.309, 9.157999999999998, 9.19, 9.3, 8.894, 9.259],
  "rew_last100": [9.652499999999998, 9.1115, 9.7135, 9.722999999999999, 9.711999999999996, 9.708999999999998, 8.895, 9.652499999999998, 9.650999999999998, 9.687999999999999, 9.677999999999999, 9.152499999999998, 9.702, 9.7115, 9.708499999999997, 9.658499999999998, 9.635499999999997, 9.733999999999998, 9.1345, 9.733499999999998],
  "poisoned_hits_pre": [9,8,10,9,10,10,7,9,10,9,10,6,10,12,9,13,9,8,5,10],
  "safe_last100": [0.85,0.0,0.91,0.95,0.93,0.92,0.01,0.8,0.84,0.88,0.91,0.0,0.96,0.92,0.92,0.85,0.79,0.96,0.0,0.97]
 },
 "FCA_zscore": {
  "rew_pre": [5.389031129519703, 5.486913546833702, 5.486017636755716, 6.00884819976526, 4.630894954792738, 5.708943995963884, 5.939355153729988, 6.0514986870045995, 4.032570988802812, 5.292508149386598, 5.39881329862362, 3.9677821523538777, 4.8874235798337775, 5.282734878067538, 4.638752783257377, 5.0538231891554455, 2.835853020934818, 5.497370823344658, 3.304255831697569, 6.331816473335275],
  "rew_post": [9.155, 9.131399999999998, 9.015699999999999, 9.088599999999998, 9.125899999999998, 9.670099999999998, 9.617099999999999, 9.6134, 9.5785, 9.616599999999998, 9.6832, 9.577, 9.590399999999997, 9.674, 9.0352, 9.6147, 8.904599999999999, 9.158199999999999, 8.983999999999998, 9.5817],
  "rew_post_first50": [9.155, 9.174, 9.035, 9.151, 9.114999999999998, 9.418, 9.318999999999999, 9.32, 9.299999999999999, 9.283, 9.585999999999999, 9.237, 9.17, 9.315999999999999, 9.042, 9.337, 8.959, 9.152999999999999, 8.915, 9.292],
  "rew_last100": [9.1575, 9.139499999999998, 9.019499999999999, 9.139, 9.146999999999998, 9.732499999999998, 9.711499999999996, 9.714499999999997, 9.683999999999997, 9.725499999999998, 9.682499999999997, 9.647499999999997, 9.706, 9.7315, 9.032999999999998, 9.722499999999998, 8.908999999999999, 9.1645, 9.016499999999999, 9.684999999999999],
  "poisoned_hits_pre": [8,11,10,8,11,29,26,21,28,22,35,18,24,21,9,20,13,9,15,17],
  "safe_last100": [0.0,0.0,0.0,0.0,0.0,0.95,0.93,0.95,0.89,0.94,0.88,0.84,0.95,0.98,0.0,0.95,0.0,0.01,0.0,0.91]
 },
 "PermBan+認識": {
  "rew_pre": [-2.7443936252563503, -2.8011815257033073, 0.6225181188601746, -2.908881525703307, -2.8489815257033073, -2.9513815257033076, 5.062618955716441, -2.9543815257033077, -2.7789700647563116, -2.4645815257033075, -2.6041815257033076, -2.8833815257033075, -2.8426815257033073, -2.9543815257033077, 0.17121847429669174, -1.9836642340043917, -2.6218815257033077, -1.9784498831009776, -2.2658815257033074, -2.8694815257033075],
  "rew_post": [-2.7781999999999973, -2.8886999999999974, -2.719399999999997, -2.7797999999999976, -2.7712999999999974, -2.8659999999999974, -2.8655999999999975, -2.5680999999999976, -0.890899999999998, -2.8673999999999977, -2.6257999999999972, 0.03240000000000191, -2.9357999999999973, -2.7992999999999975, -2.4925999999999977, -0.9274999999999979, -2.7983999999999973, -2.830599999999998, -2.5349999999999975, -2.6317999999999975],
  "rew_post_first50": [-2.5609999999999973, -2.781999999999997, -2.5729999999999973, -2.7839999999999976, -2.7639999999999976, -2.9999999999999973, -2.9999999999999973, -2.7859999999999974, -2.371999999999997, -2.9999999999999973, -2.3619999999999974, -2.3909999999999973, -2.9999999999999973, -2.9999999999999973, -2.9999999999999973, -2.566999999999997, -2.9999999999999973, -2.9999999999999973, -2.3579999999999974, -2.779999999999997],
  "rew_last100": [-2.9999999999999973, -2.889499999999997, -2.661499999999997, -2.8974999999999973, -2.7714999999999974, -2.6754999999999973, -2.6704999999999974, -2.0339999999999976, 5.1355, -2.782499999999997, -2.3369999999999975, 8.966000000000001, -2.882499999999997, -2.761999999999997, -1.9014999999999975, 4.441000000000002, -2.771999999999997, -2.9999999999999973, -2.202999999999997, -2.1224999999999974],
  "poisoned_hits_pre": [1,1,1,1,1,1,1,1,1,1,1,1,1,1,1,1,1,1,1,1],
  "safe_last100": [0.0,0.0,0.0,0.0,0.0,0.0,0.0,0.0,0.0,0.0,0.0,0.0,0.0,0.0,0.0,0.0,0.0,0.0,0.0,0.0]
 },